Model,Type,Parameters,Final Train Acc,Final Val Acc,Train-Val Gap,Avg Epoch Time
Simple MLP,MLP,101770,91.71666666666667,88.80833333333334,2.9083333333333314,0.24380989074707032
Deep MLP,MLP,242762,92.94583333333334,88.425,4.520833333333343,0.5279110431671142
Simple CNN,CNN,804554,96.125,91.475,4.650000000000006,11.268552434444427
Deeper CNN,CNN,824650,98.71041666666666,92.19166666666666,6.518749999999997,24.002234303951262
