Dropout Rate,Final Train Acc,Final Val Acc,Train-Val Gap,Avg Epoch Time
0.0,98.90416666666667,91.85833333333333,7.045833333333334,57.845904088020326
0.2,97.75416666666666,92.35833333333333,5.395833333333329,57.4956839799881
0.3,96.81875,92.45833333333333,4.360416666666666,57.99874293804169
0.5,95.11875,92.625,2.4937500000000057,59.44226387739182
