Learning Rate,Final Train Acc,Final Val Acc,Best Val Acc,Train-Val Gap,Final Loss,Epochs to 80%,Avg Epoch Time
0.1,87.4875,85.875,87.05,1.6124999999999972,0.412880040705204,4,23.946939611434935
0.01,96.54166666666667,91.925,92.06666666666666,4.616666666666674,0.2766322232782841,1,24.526915967464447
0.001,98.74583333333334,92.35,92.35,6.395833333333343,0.28516361862421036,1,24.765169537067415
0.0001,94.70625,91.15833333333333,91.48333333333333,3.5479166666666657,0.2560051654775937,1,25.00222693681717
