Component,Time (s),Time (min),Percentage
Data Loading,20.65825057029724,0.3443041761716207,0.1603575954433575
Experiments,12829.396848678589,213.82328081130981,99.58690464335314
Test Evaluation,8.41574501991272,0.14026241699854533,0.06532637556434659
Overhead,24.14348602294922,0.4023914337158203,0.18741138563916357
TOTAL,12882.614330291748,214.7102388381958,100.0
