Component,Time (seconds),Percentage
Data Loading,20.504170656204224,0.06375194576546228
Experiments,10980.330605268478,34.140246536726316
Test Evaluation,0.0,0.0
Visualization,0.0,0.0
Overhead,21161.58851957321,65.79600151750822
Total,32162.423295497894,100.0
